ML,NO.,Nucleophilic-HEA,Hydrophobic-BA,Acidic-CBEA,Cationic-ATAC,Aromatic-PEA,Amide-AAm,Glass (kPa)_max,sheet,feature_sum,candidate_id,retro_mean,retro_std,archived_predicted_strength,nn_dist,penalized_score
RFR-RFR,1,0.06884542092530306,0.32659784674289927,0.029678038914051935,0.33709696774407394,0.22780497069414712,0.009976754979524381,115.3857041755131,EI,0.9999999999999997,1,68.40347023471571,14.89850117109302,115.3857041755131,0.2611369272133235,50.508742560636264
RFR-RFR,2,0.0705569241329276,0.28289794171587374,0.019934387044717033,0.040593946600422585,0.38380140523527995,0.20221539527078194,182.9865534324133,EI,1.0000000000000029,2,82.9868341893239,21.961567153617462,182.9865534324133,0.30901757133594704,59.64534775907728
RFR-RFR,3,0.019795136119078297,0.45561467165176217,0.0693951389729064,0.049429891497451035,0.16830769773315357,0.2374574640256487,149.58244869072894,EI,1.0000000000000002,3,86.83618677109394,17.765075171388506,149.58244869072894,0.2314733889902318,68.69471362579041
RFR-RFR,4,0.07000394945633134,0.3797019603386503,0.03986354608559462,0.05035568111607122,0.13997395371555724,0.32010090928779855,87.98301486199576,EI,1.000000000000003,4,74.83988012269002,18.44190509746642,87.98301486199576,0.21506761684058082,57.016222900333574
RFR-RFR,5,0.09135703872266165,0.42406318890205646,0.060534257477514106,0.2320105921667729,0.14137585140767983,0.05065907132331367,123.14225053078556,EI,0.9999999999999987,5,94.7790086915101,11.191354257356101,123.14225053078556,0.15874889183130306,82.83337588957993
RFR-RFR,6,0.09943975697769035,0.08119328219560237,0.1790867092533545,0.06978178038710518,0.14936616968528024,0.4211323015009711,37.310686482661005,EI,1.0000000000000038,6,70.82773955721493,13.933370370122054,37.310686482661005,0.28477357797624486,52.47011125310411
RFR-RFR,7,0.227224803109542,0.09873085979990148,0.2572130615716996,0.07912182520738337,0.14841845038052473,0.18929099993094667,65.84571832979476,EI,0.9999999999999977,7,60.26556864697683,12.095326436535911,65.84571832979476,0.2756910545949343,43.190263244911506
RFR-RFR,8,0.02050118733233578,0.319769269353473,0.04003455579891344,0.04053218574791113,0.059931601695884,0.5192312000714863,37.14083510261854,EI,1.0000000000000036,8,62.922365311393925,17.804977480994367,37.14083510261854,0.3637896235133545,39.468291630362565
RFR-RFR,9,0.12129440786166334,0.34304732594513415,0.04073460810304279,0.040604246190731726,0.4543194118994327,0.0,93.36164189667375,EI,1.0000000000000049,9,103.81122967039144,19.825102717707768,93.36164189667375,0.25364420814506583,83.75290998573492
RFR-RFR,10,0.1793287325198463,0.2501117032747501,0.12054717063892714,0.15981108323826002,0.2699873548489832,0.020213955479231358,123.14225053078556,EI,0.999999999999998,10,76.77054217511547,15.835291162888197,123.14225053078556,0.09099842401718136,65.21295963298412
RFR-GP,1,0.0,0.2527142641696688,0.03983828851648235,0.11149497883067107,0.3333308161401877,0.26262165234298546,121.27388535031847,EI,0.9999999999999953,11,99.90541393993135,20.078069763121,121.27388535031847,0.35359220960436416,75.72269067419629
RFR-GP,2,0.0,0.5052813906643826,0.0,0.07068748451055998,0.15105430447562626,0.27297682034942733,138.20240622788393,EI,0.9999999999999962,12,100.667700203584,12.167920590193928,138.20240622788393,0.2721719128264904,83.69686339542743
RFR-GP,3,0.0,0.1394755208280519,0.45021998254641005,0.10996599804341498,0.30033849858212264,0.0,125.35031847133757,EI,0.9999999999999996,13,92.99582196665253,20.396435267439813,125.35031847133757,0.3822634456883565,67.50706650539836
RFR-GP,4,0.0,0.5862277169858116,0.0,0.08070109448767526,0.33307118852651296,0.0,272.3849964614296,EI,0.9999999999999998,14,136.9087367163655,16.65307244664553,272.3849964614296,0.2862940294544062,117.13043931486649
RFR-GP,5,0.22026767528275587,0.31950915131503504,0.0,0.13017463865850953,0.3300485347437033,0.0,104.45859872611464,EI,1.0000000000000038,15,92.73628108442003,17.392626158467987,104.45859872611464,0.14047458915268246,78.42098443907874
RFR-GP,6,0.0,0.6694037395676202,0.1801772670242751,0.08059419584412708,0.06982479756398181,0.0,110.85633404104742,EI,1.0000000000000042,16,97.5803732754496,13.91940380671062,110.85633404104742,0.14991582805937215,84.6240382497194
RFR-GP,7,0.09019319805734387,0.6394575527072175,0.0,0.07022192728620198,0.20012732194923546,0.0,205.1238499646143,EI,0.9999999999999988,17,110.67778980579135,16.60054568072837,205.1238499646143,0.1492005389083859,96.40949540909173
RFR-GP,8,0.12007216990540996,0.499946645104958,0.0,0.06998318899510875,0.30999799599452477,0.0,258.1740976645435,EI,1.0000000000000013,18,117.93331562700894,16.59756303899065,258.1740976645435,0.20949047350751948,101.25491516721283
RFR-GP,9,0.0,0.48425920995183225,0.0,0.09102000698981905,0.4247207830583444,0.0,197.76362349610758,EI,0.9999999999999957,19,131.239634251008,13.820492053076011,197.76362349610758,0.3443591987947665,110.55502027267933
RFR-GP,10,0.0,0.6800526006189997,0.0,0.09985284603006436,0.2200945533509406,0.0,321.18895966029726,EI,1.0000000000000047,20,114.03443897583358,16.205909884208197,321.18895966029726,0.21408793444241303,97.36796665603296
GP-GP,1,0.0,0.2695054826505967,0.0499425117731952,0.12008353248247922,0.3505987978332005,0.20986967526052855,95.96602972399151,EI,1.0000000000000002,21,104.79938880064701,19.929585365514445,95.96602972399151,0.3177929250720949,82.12287911500599
GP-GP,2,0.0,0.43921356343284346,0.0,0.05996213303292419,0.13983642447619687,0.3609878790580323,72.13021939136588,EI,0.9999999999999969,22,98.71427545732912,11.71948363137878,72.13021939136588,0.3012899458216209,80.80293580877489
GP-GP,3,0.0,0.6866802313494658,0.0,0.10116700465156638,0.21215276399897148,0.0,216.1641896673744,EI,1.0000000000000036,23,114.03443897583358,16.205909884208197,216.1641896673744,0.2113939098888878,97.47572763817396
GP-GP,4,0.0,0.6696058409186365,0.0,0.10017596063123838,0.17015598826332723,0.06006221018679824,169.6815286624204,EI,1.0000000000000002,24,112.88236543226908,16.23577250405847,169.6815286624204,0.19373065936783615,97.0152528055264
GP-GP,5,0.0,0.6921834555062866,0.0,0.10968910475579655,0.16839063220806516,0.029736807529850716,248.54918612880397,EI,0.999999999999999,25,112.7242185548483,15.93786036836718,248.54918612880397,0.19445168944938696,96.97722079268924
GP-GP,6,0.0,0.6805383235345969,0.0,0.10992958475014866,0.14978719904546114,0.05974489266979317,164.41613588110403,EI,0.9999999999999999,26,111.98096457449451,16.061324341948183,164.41613588110403,0.19051304328576113,96.32978067208997
GP-GP,7,0.03981297918803201,0.15005038298283863,0.3800101218052041,0.11010533715715531,0.32002117886676795,0.0,109.32767162066526,EI,0.999999999999998,27,92.37428871768707,20.68321507359519,109.32767162066526,0.35060170324113143,68.00861305124421
GP-GP,8,0.0,0.6802319727129349,0.0,0.0999317619993385,0.16994452648896496,0.04989173879876124,134.80537862703468,EI,0.9999999999999996,28,112.85591372150357,16.21556534031903,134.80537862703468,0.1937263096989522,96.99907866338596
GP-GP,9,0.0,0.6698724083478642,0.0,0.09992410157279753,0.16034664571542787,0.06985684436391423,193.97027600849256,EI,1.0000000000000038,29,113.37875292147255,16.016713814317825,193.97027600849256,0.19309669917668004,97.64652804724643
GP-GP,10,0.0,0.729439933008693,0.0,0.11007404150995177,0.1400028008912618,0.020483224590092084,199.34890304317057,EI,0.9999999999999988,30,112.80093090113246,15.957331319667503,199.34890304317057,0.20079945075496472,96.79028721110012
GP-RFR,1,0.0692378865429358,0.3269641513459878,0.029726709642903068,0.3369543479492612,0.22736798017860224,0.009748924340310007,110.2901627742392,EI,1.0000000000000002,31,68.40347023471571,14.89850117109302,110.2901627742392,0.2609640865441126,50.5156561874047
GP-RFR,2,0.06043102568664179,0.28979046121354424,0.02962688890561993,0.05000242158040647,0.10002218431185886,0.47012701830192644,48.69072894550602,EI,0.9999999999999978,32,68.51887880798425,18.08908028065228,48.69072894550602,0.3128880467937466,46.95881679590825
GP-RFR,3,0.04972352737245708,0.2400799631010814,0.029760912926648043,0.08012129801856045,0.28995971170185686,0.31035458687939654,74.11181882519462,EI,1.0000000000000004,33,96.61918908342685,17.435772108492827,74.11181882519462,0.3464742069675304,74.04233475047923
GP-RFR,4,0.10061024173575601,0.4097312981358741,0.0496967656056116,0.04997852531172399,0.21021552666374288,0.17976764254729177,130.72894550601558,EI,1.0000000000000004,34,89.12548226239377,18.78693685852378,130.72894550601558,0.18204293449523415,72.45029645332252
GP-RFR,5,0.07887924971028838,0.5152114137076993,0.03967127739027571,0.03952070717234672,0.3066737384252711,0.020043613594118773,254.04104741684358,EI,1.0,35,106.09825570688952,20.7558984715938,254.04104741684358,0.2405341779022205,86.0989393550038
GP-RFR,6,0.059479369946234685,0.15959700831454746,0.11013292957208375,0.1702466547149691,0.37014010177039636,0.13040393568176872,136.2208067940552,EI,1.0,36,80.78071727536772,20.54442994654636,136.2208067940552,0.21459222300351294,61.924813381954024
GP-RFR,7,0.020486070904598756,0.3202515436670955,0.03969950138638956,0.040535607064567845,0.0600045549268573,0.5190227220504914,74.73460721868365,EI,1.0000000000000004,37,62.93605694775815,17.824479575512704,74.73460721868365,0.3639180367906433,39.46709568837606
GP-RFR,8,0.19012443032465587,0.13013187366362483,0.08983645080346277,0.16996133637818892,0.3302152284339405,0.08973068039612707,102.64685067232838,EI,1.0,38,72.82606434309184,22.939204531974607,102.64685067232838,0.11679833242903091,56.6845287799433
GP-RFR,9,0.11973067162975046,0.09030057988743488,0.10973673846413708,0.07998922755566634,0.15020440509944688,0.45003837736356406,42.40622788393489,EI,0.9999999999999998,39,72.67893694340563,13.917113952023387,42.40622788393489,0.27537373972551116,54.70543037837349
GP-RFR,10,0.119716575156047,0.1496158631863494,0.06968073195358354,0.11989999951338076,0.23020479110423533,0.3108820390864083,63.467799009200284,EI,1.0000000000000044,40,75.39454573166151,14.13726354549593,63.467799009200284,0.2638625211636636,57.771413112367
ENU-RFR,1,0.0076698542810283024,0.5908194969948446,0.09188271945307903,0.09522713289899284,0.18602374527201085,0.02837705110004133,118.55626326963906,EI,0.9999999999999969,41,127.16493641405066,10.5016226059454,118.55626326963906,0.15263479636758756,115.80873325637447
ENU-RFR,2,0.13200113246503298,0.5865731464642919,0.00728738191315575,0.07534488114498074,0.09658101745493361,0.10221244055760915,111.76220806794055,EI,1.0000000000000042,42,130.73815176184718,10.44848552999851,111.76220806794055,0.12538911937727923,120.49834422175675
ENU-RFR,3,0.03287831731405658,0.5899099580820163,0.08876638694710208,0.08851667303787093,0.1493610329381764,0.05056763168077526,111.76220806794055,EI,0.9999999999999974,43,122.39929019878593,10.710306981594739,111.76220806794055,0.12010755063899474,112.23983468242878
ENU-RFR,4,0.04770007044429061,0.5916451262972285,0.03582745648021076,0.07729956754504155,0.14629059011329415,0.10123718911993332,102.30714791224345,EI,0.9999999999999989,44,123.30389409421727,15.164279579416311,102.30714791224345,0.1524372216078572,109.62426544019483
ENU-RFR,5,0.03580603356186929,0.5899208919997038,0.020893913662986967,0.11540058049161582,0.17234749165836813,0.06563108862545615,122.12314225053079,EI,1.0000000000000002,45,124.83870179389274,11.549779238945549,122.12314225053079,0.15565501355980063,112.83761163202794
ENU-GP,1,0.0031130972360894145,0.5209649133930009,0.20697117125103442,0.09989648142802053,0.16687887720925684,0.0021754594825963455,91.38004246284501,EI,0.9999999999999986,46,110.91757084474594,9.316677394238303,91.38004246284501,0.19171341429186112,98.59069557595234
ENU-GP,2,0.01528745814645494,0.5784187222625344,0.08897746101655464,0.0984151012073523,0.1808930094039388,0.03800824796316653,136.10757254069355,EI,1.0000000000000018,47,127.53111788474739,8.029232986893621,136.10757254069355,0.14596428926689287,117.67792982062487
ENU-GP,3,0.002746382260607573,0.4926767687012718,0.1597665411373265,0.10694259813533503,0.211762013940233,0.02610569582522884,61.59943382873319,EI,1.0000000000000027,48,107.95299554024662,9.022015837536806,61.59943382873319,0.20662595584309515,95.17694938775442
ENU-GP,4,0.0005236960839860138,0.4599714558299957,0.2037498977332164,0.10388369722589721,0.17864989944769813,0.05322135367920881,114.93276716206653,EI,1.0000000000000022,49,105.38467847560999,7.4850061387291085,114.93276716206653,0.1815280892664036,94.38105183558929
ENU-GP,5,0.0019028579845820554,0.5729514090767938,0.03579944059130187,0.09798032458636836,0.14406670643449396,0.14729926132645627,127.95470629865534,EI,0.9999999999999962,50,118.57847104262555,12.099715005802663,127.95470629865534,0.19690246409122908,104.65251497607505
CLMax,1,0.2727129961052581,0.5251512121670532,0.050324860710620076,0.070913586061738,0.08089734495533045,0.0,123.42533616418967,EI,0.9999999999999998,51,78.32017743556636,8.825876736774156,123.42533616418967,0.12068360393822113,69.07989490965045
CLMax,2,0.1103522089490435,0.6299497149346583,0.04962589054630663,0.10004691836928029,0.08988259918717295,0.02014266801353781,132.88039631988676,EI,0.9999999999999994,52,104.68176074618809,14.727565962805501,132.88039631988676,0.05565575436803199,95.09174759006406
CLMax,3,0.09035686515760608,0.6898391619437658,0.059721829623666796,0.10015022979378264,0.05993191348118345,0.0,128.29440905874026,EI,1.0000000000000049,53,98.12754314209214,14.06211376995653,128.29440905874026,0.09165431549996848,87.43031363711513
CLMax,4,0.1198642120418433,0.4502153809025771,0.0699297442560839,0.08027117818202543,0.24001053482350546,0.03970894979396501,121.21726822363765,EI,1.0000000000000002,54,112.0697266814711,11.59128568771126,121.21726822363765,0.19377629539023372,98.52303202200612
CLMax,5,0.0,0.6970201882454375,0.010083299571405182,0.09070948756969056,0.10152379394381653,0.10066323066964568,145.84571832979475,EI,0.9999999999999954,55,116.23680112037178,16.624515868878266,145.84571832979475,0.1967534564369377,100.05440492845514
CLMin,1,0.0,0.3695976102710987,0.0,0.1399349291370532,0.4795553630002681,0.01091209759157822,198.21656050955414,EI,0.9999999999999982,56,121.30808584098509,13.729217832433468,198.21656050955414,0.33125775905627364,101.1931665625174
CLMin,2,0.0,0.19937068821830842,0.3707979399755839,0.09005216776364515,0.2803564407674301,0.05942276327502887,120.87756546355273,EI,0.9999999999999964,57,95.68286079697081,18.53475506615993,120.87756546355273,0.34209186967314986,72.73180847696486
CLMin,3,0.0,0.1801339715215124,0.0702086980601118,0.07013239349779174,0.2499423835321699,0.42958255338840984,71.56404812455767,EI,0.9999999999999958,58,75.6599318560022,14.141632146605376,71.56404812455767,0.37410905841019604,53.62475344629166
CLMin,4,0.0,0.3201491503123386,0.009693408996871882,0.15022111775922764,0.5199363229315608,0.0,171.0403397027601,EI,0.9999999999999989,59,118.84048848342486,14.414920449506806,171.0403397027601,0.3277107566854863,98.52459799125201
CLMin,5,0.0,0.2401486532429544,0.10994940264700406,0.060495335836426675,0.22988132841259373,0.3595252798610205,123.42533616418967,EI,0.9999999999999993,60,84.85018873405242,14.259773128682669,123.42533616418967,0.3470964411861533,63.836444522264955
LP_df,1,0.08012643627304614,0.5898369082531372,0.03976721977444278,0.13021460556611913,0.150088490271766,0.009966339861488887,115.32908704883228,EI,1.0000000000000002,61,124.9067720300998,11.96248655259678,115.32908704883228,0.09582621928694159,115.09247998232375
LP_df,2,0.09056945837772513,0.5554798455143414,0.04035248524031987,0.13133097685608386,0.15185796847644026,0.030409265535089748,107.2894550601557,EI,1.0000000000000002,62,116.87940914555209,11.570184491605337,107.2894550601557,0.10205280057137346,107.01220487689447
LP_df,3,0.14918261129691582,0.2305265980696533,0.08040810554340597,0.17988833818832858,0.35999434690169185,0.0,139.7876857749469,EI,0.9999999999999956,63,89.53770615108849,22.48617759099383,139.7876857749469,0.0838577195274819,74.94030857449229
LP_df,4,0.2601666954743901,0.24978520813496735,0.3099899812379255,0.1800581151527174,0.0,0.0,92.90870488322717,EI,1.0000000000000002,64,50.38908819466761,9.304654855648966,92.90870488322717,0.13437708917240396,40.36167719994697
LP_df,5,0.0504726611021973,0.4294863343830935,0.0,0.22978090922018446,0.2800003853226403,0.010259709971881196,116.80113234253362,EI,0.9999999999999968,65,99.53346662542097,11.991250259949643,116.80113234253362,0.27354799364213206,82.59592174976086
LP_df,6,0.08979049976874494,0.5440134459076447,0.03991615583699945,0.13852357302346827,0.1283401472353059,0.0594161782278392,120.36801132342534,EI,1.0000000000000027,66,115.99533852842737,11.847360648294975,120.36801132342534,0.10935253370496659,105.69755685608122
LP_df,7,0.12951825842145334,0.10864140108359957,0.20762502728673082,0.19788827089047695,0.31676702851550625,0.0395600138022286,87.64331210191082,EI,0.9999999999999954,67,74.11109760408726,19.681629185286436,87.64331210191082,0.17948120457005787,57.09103482864174
LP_df,8,0.07971471450684928,0.4901409634787216,0.0,0.1497001443367709,0.13042011805730983,0.15002405962034493,139.95753715498938,EI,0.9999999999999966,68,106.84515089090507,11.928387750668438,139.95753715498938,0.19610757806180612,93.03665389309862
LP_df,9,0.0707870459290299,0.5254581081837406,0.0504040735510668,0.14136330700685024,0.1813954868114702,0.030591978517842608,153.82873319179052,EI,1.0000000000000002,69,114.55001643219725,12.063634838112042,153.82873319179052,0.13765288601815615,103.01208357241498
LP_df,10,0.059071364764711795,0.5443228784748599,0.009804760079407358,0.11942060997329142,0.17835439680695842,0.0890259899007709,112.27176220806794,EI,0.9999999999999998,70,117.7499681536938,12.303878318755155,112.27176220806794,0.16915898031766108,104.83166978160978
old-SM-GP,1,0.020046971580007317,0.25027701084467574,0.0295662478169173,0.1198353405487493,0.30976504389277365,0.2705093853168772,153.5456475583864,EI,1.0000000000000004,71,99.75975973081879,19.458891006992346,153.5456475583864,0.34761252056669767,76.1258134046547
old-SM-GP,2,0.0,0.6598139129682237,0.0,0.11010760323534784,0.23007848379642823,0.0,269.10120311394195,EI,0.9999999999999998,72,113.43562154842633,16.158581144846778,269.10120311394195,0.2171838476583789,96.66897706966778
old-SM-GP,3,0.0,0.7799311208741685,0.0,0.10026676420724634,0.11980211491858285,0.0,247.0205237084218,EI,0.9999999999999977,73,113.75353889284244,16.09484786657869,247.0205237084218,0.22623937460553192,96.65653997533182
old-SM-GP,4,0.0,0.0,0.09019987158269828,0.13068486508832255,0.6793115071894001,0.09980375613957554,105.19462137296532,EI,0.9999999999999964,74,101.85045981891572,15.487754148761312,105.19462137296532,0.41942915622919585,77.32941649536724
old-SM-GP,5,0.0,0.4309329430216968,0.0,0.17970950741575445,0.389357549562547,0.0,189.83722576079265,EI,0.9999999999999982,75,119.82488440631064,14.201967718338356,189.83722576079265,0.3357910668267904,99.29225787406986
old-SM-GP,6,0.0,0.7496097843652806,0.0,0.09990444682738794,0.15048576880732684,0.0,252.965322009908,EI,0.9999999999999953,76,113.69240338675118,16.08945243238719,252.965322009908,0.2129383618608334,97.13014269612425
old-SM-GP,7,0.0,0.6199656655199758,0.0,0.14991526075534467,0.23011907372468274,0.0,260.38216560509557,EI,1.000000000000003,77,112.81008681896381,16.948736717300164,260.38216560509557,0.2161078112208385,95.69140601148018
old-SM-GP,8,0.0,0.6236185243788649,0.0,0.09925911223269186,0.2771223633884463,0.0,216.05095541401275,EI,1.000000000000003,78,118.11741479471979,17.781404583853643,216.05095541401275,0.2441839557055756,99.45935427456993
old-SM-GP,9,0.0,0.670098009545836,0.0,0.12023606117082955,0.06983834577647466,0.13982758350685942,167.64331210191082,EI,0.9999999999999996,79,98.4159849771239,13.493104706283486,167.64331210191082,0.21013320875936894,83.2641042736074
old-SM-GP,10,0.14996299355778708,0.22960385468129363,0.20996598236824385,0.11023387722483045,0.30023329216784966,0.0,90.70063694267516,EI,1.0000000000000047,80,101.76174102928356,21.62755949740961,90.70063694267516,0.15723776555273924,84.65845065846918
RFR-GP-2rd-ei,1,0.0,0.5501050144621554,0.0,0.06018156396831008,0.3098132536408657,0.07990016792866723,221.20311394196744,EI,0.9999999999999984,81,123.52067612683852,16.2020560025866,221.20311394196744,0.28297387582218125,104.10069309265798
RFR-GP-2rd-ei,2,0.3701803627954613,0.3896137273547119,0.0,0.030062217070744975,0.2101436927790818,0.0,130.89879688605802,EI,1.0,82,41.199131048455484,14.863383715432533,130.89879688605802,0.0610126594485907,31.32693281279559
RFR-GP-2rd-ei,3,0.20181492051173947,0.1819184218616567,0.20208277751936538,0.20180251893718562,0.010060494404668956,0.20232086676538388,47.8414720452937,EI,1.0,83,38.941299194066765,13.149238216474847,47.8414720452937,0.13633463307847,26.913294762690544
RFR-GP-2rd-ei,4,0.0,0.0501938722332982,0.0,0.31981147125166814,0.3103333570670893,0.31966129944794835,78.47133757961784,EI,1.000000000000004,84,45.48592946875246,17.26508481281837,78.47133757961784,0.42710435310073125,19.769212938314023
RFR-GP-2rd-ei,5,0.24995476525952784,0.029923659141684218,0.0,0.25013332887103407,0.22017000963190225,0.249818237095852,99.30644019815995,EI,1.0000000000000004,85,28.13088898419675,13.847967413910801,99.30644019815995,0.30052728296460585,9.185813958657118
RFR-GP-2rd-ei,6,0.0,0.02975272589343195,0.3501179384372687,0.35011143647983567,0.27001789918946384,0.0,89.7381457891012,EI,1.0,86,36.29148049836769,17.006863725464008,89.7381457891012,0.3992412603732348,11.818398220706293
RFR-GP-2rd-ei,7,0.0,0.42013150127315646,0.0,0.06993398264353465,0.12991557197333822,0.3800189441099705,69.52583156404812,EI,0.9999999999999999,87,98.78291546115258,11.911361599633455,69.52583156404812,0.31138386116811334,80.37188021461131
RFR-GP-2rd-ei,8,0.0,0.17174129687129278,0.1112116642900712,0.32304861041807176,0.2322458105515182,0.16175261786904635,97.0417551309271,EI,1.0000000000000002,88,49.361658476496906,13.868794620984943,97.0417551309271,0.30919376604438975,30.059510524228845
RFR-GP-2rd-ei,9,0.0,0.2621089769835839,0.2627249266170682,0.10088139072587356,0.111220656174369,0.2630640494991074,107.79900920028308,EI,1.000000000000002,89,82.69456726917863,11.929002963156629,107.79900920028308,0.30018401059412825,64.72270536383519
RFR-GP-2rd-ei,10,0.0,0.17171288689817044,0.0,0.32343811526525434,0.020201004379958185,0.4846479934566174,3.113941967445152,EI,1.0000000000000004,90,35.120110598819885,14.501877976157726,3.113941967445152,0.3287841806597198,14.717804384352227
GP-GP-2rd-ei,1,0.0,0.5501050144621554,0.0,0.06018156396831008,0.3098132536408657,0.07990016792866723,221.20311394196744,EI,0.9999999999999984,91,123.52067612683852,16.2020560025866,221.20311394196744,0.28297387582218125,104.10069309265798
GP-GP-2rd-ei,2,0.009907477744653136,0.605806079851102,0.0,0.060777477665002556,0.3235089647392457,0.0,263.722576079264,EI,1.0000000000000033,92,118.68108046885193,21.281995117023843,263.722576079264,0.27620479165175127,96.99189124426995
GP-GP-2rd-ei,3,0.0,0.43561740465979504,0.0,0.07916516851010148,0.13866238875747197,0.346555038072632,105.19462137296532,EI,1.0000000000000004,93,101.41827276811075,12.2480283908756,105.19462137296532,0.2975804669850883,83.39103989326942
GP-GP-2rd-ei,4,0.0,0.6361065807886185,0.0,0.13159196232562578,0.2323014568857508,0.0,239.26397735314933,EI,0.999999999999995,94,113.3685614021158,16.16436890152375,239.26397735314933,0.2178055603017066,96.57415453928567
GP-GP-2rd-ei,5,0.0,0.629477516904649,0.0,0.060727362401018864,0.30979512069433035,0.0,281.6135881104034,EI,0.9999999999999982,95,120.23354152675631,20.259107955660564,281.6135881104034,0.2718286968331139,99.23083967560147
GP-GP-2rd-ei,6,0.0,0.610219200084122,0.0,0.050019276625789845,0.3397615232900878,0.0,253.70134465675866,EI,0.9999999999999997,96,103.65781234461008,22.06457185044715,253.70134465675866,0.2956677825742891,80.79881511641494
GP-GP-2rd-ei,7,0.0,0.6500774895758523,0.0,0.009903284052116578,0.3400192263720315,0.0,152.9794762915782,EI,1.0000000000000004,97,66.04783386158704,20.277617824758536,152.9794762915782,0.30528902114922296,43.69746410323885
GP-GP-2rd-ei,8,0.0,0.6402880697187442,0.0,0.04991790454403562,0.30979402573722414,0.0,241.13234253361642,EI,1.000000000000004,98,104.14996539536597,21.420526881619843,241.13234253361642,0.2732298098547534,82.5105095603659
GP-GP-2rd-ei,10,0.0,0.3895955545517673,0.0,0.12995037241871144,0.480454073029521,0.0,197.53715498938428,EI,0.9999999999999998,99,121.9554370072918,13.52421045125968,197.53715498938428,0.3433471583072055,101.45944544937375
RFR-GP-3rd-ei,1,0.0,0.539657245652324,0.0,0.06001198946971338,0.25011739945820494,0.15021336541975822,101.3446567586695,EI,1.0000000000000004,100,111.68300172138338,12.19496132059578,101.3446567586695,0.2542402891676463,95.41590949437963
RFR-GP-3rd-ei,2,0.0,0.6097371466101064,0.0,0.08000005423721657,0.31026279915267724,0.0,229.69568294409058,EI,1.0000000000000002,101,126.0124324307372,22.03155453872351,229.69568294409058,0.2688439263321132,104.24289810809093
RFR-GP-3rd-ei,3,0.0,0.3026869124989193,0.0,0.1618195430236925,0.2628894011568846,0.27260414332050337,160.2830856334041,EI,0.9999999999999998,102,80.29607916298423,13.616047323019274,160.2830856334041,0.35518375047816914,59.28070548234783
RFR-GP-3rd-ei,4,0.0,0.17199235049354533,0.29250104540001787,0.07076399516267774,0.20260652106431945,0.2621360878794392,100.89171974522293,EI,0.9999999999999996,103,72.91314209499737,12.371116620681443,100.89171974522293,0.3682336048327762,51.998239591345595
RFR-GP-3rd-ei,5,0.23972116144187364,0.33040906267370485,0.0,0.050020296541016175,0.1498795124718861,0.2299699668715189,91.04033970276008,EI,0.9999999999999997,104,59.45887230865721,15.72736538539367,91.04033970276008,0.14445771771629268,45.81688090730867
RFR-GP-3rd-ei,6,0.0,0.24995972002507869,0.18005513403863244,0.19010301623658046,0.3798821296997081,0.0,127.67162066525124,EI,0.9999999999999996,105,98.39014633595043,21.771103647347026,127.67162066525124,0.2478685227467732,77.589853602406
RFR-GP-3rd-ei,8,0.0,0.4255505410460293,0.0,0.1385728403353752,0.38646157877441417,0.04941503984418106,117.310686482661,EI,0.9999999999999998,106,125.65992844034767,13.560691923384724,117.310686482661,0.3312899153348964,105.62798586525946
RFR-GP-3rd-ei,9,0.0,0.29695967595683287,0.0,0.20782084610479792,0.2973125132243898,0.1979069647139796,155.07430997876858,EI,1.0000000000000002,107,86.03615949902051,17.413234879842733,155.07430997876858,0.32398931378880746,64.36996950754684
RFR-GP-3rd-ei,10,0.0,0.2571294056185233,0.08910149880558355,0.1388090323697133,0.2574712241366586,0.25748883906952114,74.50813871196037,EI,1.0,108,91.66729363218435,15.080498697014374,74.50813871196037,0.3459121655687023,70.29055766092907
GP-GP-3rd-ei,1,0.0,0.5444484379756863,0.0,0.0603759927335358,0.25242859298617726,0.14274697630459565,101.6277423920736,EI,0.999999999999995,109,111.57250103020519,12.07449264637825,101.6277423920736,0.2539086956677935,95.37890688030433
GP-GP-3rd-ei,2,0.0,0.6097371466101064,0.0,0.08000005423721657,0.31026279915267724,0.0,229.69568294409058,EI,1.0000000000000002,110,126.0124324307372,22.03155453872351,229.69568294409058,0.2688439263321132,104.24289810809093
GP-GP-3rd-ei,3,0.0,0.3401435950239107,0.0,0.04989582013950206,0.1597702147754518,0.4501903700611349,75.1309271054494,EI,0.9999999999999996,111,74.63760936064875,18.781487739259067,75.1309271054494,0.36456958108546933,50.66408224760045
GP-GP-3rd-ei,4,0.0,0.6502067967256617,0.0,0.08003454420927895,0.2697586590650559,0.0,245.0955414012739,EI,0.9999999999999966,112,115.65092474149796,17.281041067939388,245.0955414012739,0.24138484197668023,97.35501052846107
GP-GP-3rd-ei,5,0.0,0.27740164771459935,0.0,0.14838874224588267,0.23782970219464653,0.33637990784487287,109.95046001415429,EI,1.0000000000000013,113,85.7530260496093,13.608278286249075,109.95046001415429,0.3513004546200716,64.89686872168191
GP-GP-3rd-ei,6,0.0,0.6299155888485775,0.0,0.05005227827225272,0.32003213287917,0.0,200.08492569002124,EI,1.0,114,104.1245605593065,21.39235451579535,200.08492569002124,0.28107188852042897,82.18550776059166
GP-GP-3rd-ei,7,0.0,0.6800268403861934,0.0,0.07016794018291524,0.24980521943088732,0.0,250.98372257607926,EI,0.999999999999996,115,110.27896343228949,16.535389848486876,250.98372257607926,0.2325406388305798,92.70964295482285
GP-GP-3rd-ei,8,0.0,0.3200646818905708,0.20981787065397678,0.17003293257227375,0.3000845148831786,0.0,81.0757254069356,EI,1.0,116,101.24445577083632,20.717809517403673,81.0757254069356,0.25477722668200525,80.69446194485428
GP-GP-3rd-ei,9,0.0,0.6398925234534203,0.0,0.07014122615059554,0.28996625039598395,0.0,235.47062986553433,EI,0.9999999999999998,117,115.96532901147074,17.440154890530184,235.47062986553433,0.2560446866162214,97.0034641015568
GP-GP-3rd-ei,10,0.0,0.59987425392149,0.0,0.07018454874162641,0.3299411973368838,0.0,225.3927813163482,EI,1.0000000000000002,118,119.5920611322606,21.392816840232943,225.3927813163482,0.28468946303483356,97.50807419075079
RFR-GP,1,0.0,0.5862277169858116,0.0,0.08070109448767526,0.33307118852651296,0.0,272.3849964614296,PRED,0.9999999999999998,119,136.9087367163655,16.65307244664553,272.3849964614296,0.2862940294544062,117.13043931486649
RFR-GP,2,0.0,0.7996691118884616,0.0,0.10025176678241,0.10007912132912954,0.0,189.10120311394198,PRED,1.000000000000001,120,113.84850625035997,16.138783789512956,189.10120311394198,0.23870704058195294,96.23083273232538
RFR-GP,3,0.0,0.6800526006189997,0.0,0.09985284603006436,0.2200945533509406,0.0,321.18895966029726,PRED,1.0000000000000047,121,114.03443897583358,16.205909884208197,321.18895966029726,0.21408793444241303,97.36796665603296
RFR-GP,4,0.0,0.6802357394406793,0.0,0.10983047191845287,0.20993378864086762,0.0,278.3297947629158,PRED,0.9999999999999998,122,113.11757085178253,16.071705653637142,278.3297947629158,0.20936509980435952,96.70711403278958
RFR-GP,5,0.0,0.5603442178578459,0.0,0.139825675254311,0.2998301068878433,0.0,165.03892427459306,PRED,1.0000000000000002,123,128.94361190888984,16.843123005841452,165.03892427459306,0.2646373933494136,109.93655467199257
RFR-GP,6,0.09019319805734387,0.6394575527072175,0.0,0.07022192728620198,0.20012732194923546,0.0,205.1238499646143,PRED,0.9999999999999988,124,110.67778980579135,16.60054568072837,205.1238499646143,0.1492005389083859,96.40949540909173
RFR-GP,7,0.0,0.65651189340022,0.0,0.06067586529899036,0.2828122413007896,0.0,303.86411889596604,PRED,1.0,125,112.5914322549083,17.098722864647478,303.86411889596604,0.2526651205297814,93.93546600139331
RFR-GP,8,0.0,0.46987923926463593,0.0,0.0901977817902402,0.33003920200232817,0.10988377694279143,163.5102618542109,PRED,0.9999999999999957,126,124.41039317245884,15.533054963191383,163.5102618542109,0.32545949859995177,103.62548574686508
RFR-GP,9,0.0,0.48425920995183225,0.0,0.09102000698981905,0.4247207830583444,0.0,197.76362349610758,PRED,0.9999999999999957,127,131.239634251008,13.820492053076011,197.76362349610758,0.3443591987947665,110.55502027267933
RFR-GP,10,0.12007216990540996,0.499946645104958,0.0,0.06998318899510875,0.30999799599452477,0.0,258.1740976645435,PRED,1.0000000000000013,128,117.93331562700894,16.59756303899065,258.1740976645435,0.20949047350751948,101.25491516721283
GP-GP,1,0.0,0.6698724083478642,0.0,0.09992410157279753,0.16034664571542787,0.06985684436391423,193.97027600849256,PRED,1.0000000000000038,129,113.37875292147255,16.016713814317825,193.97027600849256,0.19309669917668004,97.64652804724643
GP-GP,2,0.0,0.6696058409186365,0.0,0.10017596063123838,0.17015598826332723,0.06006221018679824,169.6815286624204,PRED,1.0000000000000002,130,112.88236543226908,16.23577250405847,169.6815286624204,0.19373065936783615,97.0152528055264
GP-GP,3,0.0,0.6802319727129349,0.0,0.0999317619993385,0.16994452648896496,0.04989173879876124,134.80537862703468,PRED,0.9999999999999996,131,112.85591372150357,16.21556534031903,134.80537862703468,0.1937263096989522,96.99907866338596
GP-GP,4,0.0,0.6703221377604839,0.0,0.09988757091972418,0.2297902913197883,0.0,216.61712668082095,PRED,0.9999999999999964,132,114.31877852243436,16.286755967677525,216.61712668082095,0.21779924583303487,97.4634307052742
GP-GP,5,0.0,0.6866802313494658,0.0,0.10116700465156638,0.21215276399897148,0.0,216.1641896673744,PRED,1.0000000000000036,133,114.03443897583358,16.205909884208197,216.1641896673744,0.2113939098888878,97.47572763817396
GP-GP,6,0.0,0.6805383235345969,0.0,0.10992958475014866,0.14978719904546114,0.05974489266979317,164.41613588110403,PRED,0.9999999999999999,134,111.98096457449451,16.061324341948183,164.41613588110403,0.19051304328576113,96.32978067208997
GP-GP,7,0.0,0.6921834555062866,0.0,0.10968910475579655,0.16839063220806516,0.029736807529850716,248.54918612880397,PRED,0.999999999999999,135,112.7242185548483,15.93786036836718,248.54918612880397,0.19445168944938696,96.97722079268924
GP-GP,8,0.0,0.6868704766183894,0.0,0.1109566680907599,0.2021728552908541,0.0,228.619957537155,PRED,1.0000000000000033,136,112.72632459946188,15.979869724577956,228.619957537155,0.20713969490432066,96.45080194100007
GP-GP,9,0.0,0.633532357801899,0.0,0.11884343999261548,0.2476242022054837,0.0,206.53927813163483,PRED,0.9999999999999982,137,113.33036170990144,16.13120455106175,206.53927813163483,0.22595259839807452,96.22665549844758
GP-GP,10,0.0,0.729439933008693,0.0,0.11007404150995177,0.1400028008912618,0.020483224590092084,199.34890304317057,PRED,0.9999999999999988,138,112.80093090113246,15.957331319667503,199.34890304317057,0.20079945075496472,96.79028721110012
old-SM-GP,1,0.0,0.5881002724572348,0.0,0.09387710903197888,0.3180226185107864,0.0,353.2908704883227,PRED,1.0,139,136.85931318217357,15.626139459738193,353.2908704883227,0.27377809702387496,118.09511957134949
old-SM-GP,2,0.0,0.6236185243788649,0.0,0.09925911223269186,0.2771223633884463,0.0,216.05095541401275,PRED,1.000000000000003,140,118.11741479471979,17.781404583853643,216.05095541401275,0.2441839557055756,99.45935427456993
old-SM-GP,3,0.0,0.7799311208741685,0.0,0.10026676420724634,0.11980211491858285,0.0,247.0205237084218,PRED,0.9999999999999977,141,113.75353889284244,16.09484786657869,247.0205237084218,0.22623937460553192,96.65653997533182
old-SM-GP,4,0.0,0.5698486315050519,0.0,0.06012094390784448,0.3700304245871038,0.0,308.9030431705591,PRED,1.0000000000000002,142,124.38476973270122,15.565631253702021,308.9030431705591,0.31928949141031415,103.83037444943764
old-SM-GP,5,0.0,0.6199656655199758,0.0,0.14991526075534467,0.23011907372468274,0.0,260.38216560509557,PRED,1.000000000000003,143,112.81008681896381,16.948736717300164,260.38216560509557,0.2161078112208385,95.69140601148018
old-SM-GP,6,0.0,0.7496097843652806,0.0,0.09990444682738794,0.15048576880732684,0.0,252.965322009908,PRED,0.9999999999999953,144,113.69240338675118,16.08945243238719,252.965322009908,0.2129383618608334,97.13014269612425
old-SM-GP,7,0.0,0.6598139129682237,0.0,0.11010760323534784,0.23007848379642823,0.0,269.10120311394195,PRED,0.9999999999999998,145,113.43562154842633,16.158581144846778,269.10120311394195,0.2171838476583789,96.66897706966778
old-SM-GP,8,0.12004796406587426,0.6293367656982021,0.0,0.07029235349628758,0.18032291673964032,0.0,173.7579617834395,PRED,1.0000000000000042,146,111.71338314825275,16.451437975594228,173.7579617834395,0.12451066015271835,98.5072377543469
old-SM-GP,9,0.03907273745472384,0.5346089048230481,0.0,0.05942050861521831,0.27780921421484706,0.08908863489216619,195.78202406227885,PRED,1.0000000000000036,147,116.04026018108353,13.002137686556777,195.78202406227885,0.2483240472110506,99.60622944936311
old-SM-GP,10,0.0,0.6899042454375599,0.0,0.08013419921814893,0.03017761242531342,0.19978394291897283,120.14154281670206,PRED,0.9999999999999951,148,99.58758691342004,14.334141785432143,120.14154281670206,0.23092667706089315,83.18344893826824
SM-ETR,1,0.019871410746196794,0.589470441151411,0.05035837280150482,0.050220577493968466,0.09996258375221385,0.19011661405470479,102.19391365888181,PRED,0.9999999999999998,149,104.78425078026024,17.020360964558527,102.19391365888181,0.16830930070928693,89.5416982696095
SM-ETR,2,0.08954504738520104,0.5701671577137912,0.03062429370020851,0.0498653878422161,0.15991220400448017,0.09988590935409802,84.13305024769993,PRED,0.999999999999995,150,99.8107562411864,18.30905135835091,84.13305024769993,0.12719918610772654,85.56826311770189
SM-ETR,3,0.0793836888694998,0.5835438893985819,0.07002319449924065,0.06932849173218752,0.07877168339682292,0.1189490521036631,95.96602972399151,PRED,0.9999999999999959,151,104.89873069964771,9.927907666722646,95.96602972399151,0.10061921161141484,95.9100084018298
SM-ETR,4,0.020238536735142823,0.6092446188459986,0.03076161661059641,0.07987539447533869,0.08036285436252012,0.17951697897039842,134.12597310686482,PRED,0.999999999999995,152,98.62197144556004,15.137149863616859,134.12597310686482,0.18177417897429948,83.78242935477962
SM-ETR,5,0.01011255171544404,0.7193314128847218,0.020744961584032034,0.09996396975865462,0.09024891799467935,0.05959818606247083,171.15357395612173,PRED,1.0000000000000027,153,104.1222802538909,14.856640935507428,171.15357395612173,0.1793498444888437,89.51996600658343
SM-ETR,6,0.06887181360860153,0.7223007604181749,0.030024938159594575,0.06983061215783835,0.08917849073531789,0.019793384920473236,133.55980184005662,PRED,1.0000000000000007,154,99.81697939799318,14.967333968653366,133.55980184005662,0.13350118828753335,86.99326488216516
SM-ETR,7,0.010289737411595199,0.5995618726228988,0.029523298739557433,0.06032131289233435,0.050057051839546396,0.25024672649406826,146.46850672328378,PRED,1.0000000000000004,155,88.2531727418,15.333872044522108,146.46850672328378,0.2222841791786866,71.69486955239148
SM-ETR,8,0.009847701872140355,0.6528973325652931,0.02961347967694518,0.060113542928981835,0.009590328420616284,0.23793761453602416,176.02264685067232,PRED,1.0000000000000009,156,91.10953731531384,13.846124755353458,176.02264685067232,0.2207905293509964,75.35485376359726
SM-ETR,9,0.17005614873220806,0.5899004163406562,0.010304479893391581,0.03973672982768094,0.04015561214212441,0.1498466130639411,115.04600141542817,PRED,1.0000000000000022,157,82.83380230014238,17.994595695503385,115.04600141542817,0.1302715448436094,68.62564265864631
SM-ETR,10,0.11984733797646936,0.580155385346596,0.04047078757740332,0.16975265789731636,0.07980927902961407,0.009964552172604856,171.380042462845,PRED,1.000000000000004,158,103.38968826506452,8.446331261879992,171.380042462845,0.0679270092846801,96.44944226273732
SM-GBM,1,0.1104747490792623,0.5888247985830962,0.03023633637415718,0.08008133529070774,0.18014439007144087,0.010238390601335702,141.54281670205236,PRED,0.9999999999999999,159,126.83639610778698,11.49040906026288,141.54281670205236,0.1025754136041398,116.98817503348994
SM-GBM,2,0.08982283256502514,0.579292111529773,0.03083776524513135,0.10005188662743054,0.12008474216573424,0.07991066186690277,192.7246992215145,PRED,0.9999999999999971,160,126.47277298656836,9.707845852392246,192.7246992215145,0.10867351222497368,117.27190957137329
SM-GBM,3,0.010972957447198872,0.585991646863022,0.07041509822760118,0.12097938198984741,0.1511248883310362,0.060516027141294546,250.87048832271762,PRED,1.0,161,123.27501396804924,10.700494040478645,250.87048832271762,0.14322478678443062,112.19577547643269
SM-GBM,4,0.02976827747699041,0.6188375830090551,0.031476067055885286,0.09979645003273162,0.22012162242533798,0.0,224.0339702760085,PRED,1.0000000000000004,162,114.37422783770872,16.432002948752174,224.0339702760085,0.17475141829349822,99.1681696315927
SM-GBM,5,0.06946658277069218,0.6107117276269584,0.059802954835411905,0.0499025110321438,0.14014367622417273,0.06997254751062079,164.24628450106158,PRED,0.9999999999999998,163,93.12011264051412,19.441724021820498,164.24628450106158,0.11204312107957184,78.917525786421
SM-GBM,6,0.05052879400465998,0.565148691763067,0.0205524784129122,0.0604511984177732,0.24261091989772018,0.06070791750386701,173.3050247699929,PRED,0.9999999999999997,164,113.8865542773151,11.697841751126731,173.3050247699929,0.1955681274174427,100.21490830505402
SM-GBM,7,0.13100512743817244,0.534961886171871,0.03018561369260337,0.10113012317166006,0.16218379029180882,0.04053345923388451,144.60014154281671,PRED,1.0000000000000002,165,119.16088098345001,11.538429344645404,144.60014154281671,0.10707211885477666,109.10878155693624
SM-GBM,8,0.05004781404957459,0.54968931973543,0.02013587322310775,0.08995521273401551,0.26988930938040046,0.020282470877471488,183.43949044585986,PRED,0.9999999999999998,166,118.90981570856782,12.472027007992443,183.43949044585986,0.20898572012947375,104.31437339939265
SM-GBM,9,0.0804710252131081,0.5441322771286901,0.04135511631794169,0.15150811610767745,0.13190329862969777,0.050630166602884503,249.2285916489738,PRED,0.9999999999999996,167,112.42019328341289,12.623264026310641,249.2285916489738,0.11299342387813481,101.58882431513217
SM-GBM,10,0.029717581777783213,0.5492055253073844,0.030660534146412084,0.07018177549934941,0.32023458326907134,0.0,42.1797593772116,PRED,1.0000000000000004,168,123.76297036056194,16.800946654714757,42.1797593772116,0.2569687506552715,105.0837470069937
RFR-GP-2rd-pred,1,0.0,0.6192433539426908,0.0,0.17043234953189607,0.21032429652541432,0.0,219.39136588818118,PRED,1.0000000000000013,169,106.63507509695098,16.263982369922708,219.39136588818118,0.20888031200227086,90.1478714318988
RFR-GP-2rd-pred,3,0.0,0.629819080934605,0.0,0.3000342064791126,0.07014671258628262,0.0,101.79759377211606,PRED,1.0000000000000002,170,76.68527405118151,15.670917263627954,101.79759377211606,0.24811384933824243,58.92526144583783
RFR-GP-2rd-pred,4,0.0,0.4598666661957702,0.0,0.19992014642060546,0.34021318738362477,0.0,195.72540693559802,PRED,1.0000000000000004,171,112.68166527917307,16.17213182412767,195.72540693559802,0.326797044833849,91.52371757375528
RFR-GP-2rd-pred,5,0.0,0.21006775997132376,0.0,0.45002433508783557,0.33990790494084083,0.0,131.01203113941966,PRED,1.0000000000000002,172,67.76509798924172,18.325744478791027,131.01203113941966,0.2672214473592107,47.91336785547779
RFR-GP-2rd-pred,6,0.0,0.36979769383923783,0.0,0.2502907751507629,0.3799115310099966,0.0,128.40764331210192,PRED,0.9999999999999973,173,98.06571040941718,16.08284708731293,128.40764331210192,0.3045472378494043,77.84239735178454
RFR-GP-2rd-pred,7,0.0,0.4749385518910037,0.0,0.2827468472731347,0.24231460083585807,0.0,153.82873319179052,PRED,0.9999999999999964,174,89.05802517148264,13.298081486452599,153.82873319179052,0.2808449493042039,71.1751864560882
RFR-GP-2rd-pred,8,0.0,0.18978944460297642,0.0,0.360253550428691,0.4499570049683317,0.0,152.86624203821657,PRED,0.9999999999999991,175,76.54577192057482,15.34035503445526,152.86624203821657,0.3251060798943628,55.87135120757268
RFR-GP-2rd-pred,9,0.0,0.5501050144621554,0.0,0.06018156396831008,0.3098132536408657,0.07990016792866723,221.20311394196744,PRED,0.9999999999999984,176,123.52067612683852,16.2020560025866,221.20311394196744,0.28297387582218125,104.10069309265798
RFR-GP-2rd-pred,10,0.0,0.35127093436126383,0.0,0.3193809825462181,0.23922426542260788,0.09012381766990858,157.8485491861288,PRED,0.9999999999999984,177,74.72671565980461,13.863642616600027,157.8485491861288,0.3110461194794306,55.35304957232737
GP-GP-2rd-pred,1,0.0,0.6500774895758523,0.0,0.009903284052116578,0.3400192263720315,0.0,152.9794762915782,PRED,1.0000000000000004,178,66.04783386158704,20.277617824758536,152.9794762915782,0.30528902114922296,43.69746410323885
GP-GP-2rd-pred,2,0.0,0.6199326361010132,0.0,0.030074186330798912,0.34999317756818826,0.0,177.43807501769285,PRED,1.0000000000000004,179,90.66340486537499,26.214128112399123,177.43807501769285,0.30846082158699406,65.21790794569566
GP-GP-2rd-pred,3,0.0,0.6100651329642471,0.0,0.03997199321789556,0.34996287381786156,0.0,196.4614295824487,PRED,1.0000000000000042,180,103.50827456443021,21.841312373945655,196.4614295824487,0.3056509074066339,80.36158208119201
GP-GP-2rd-pred,4,0.0,0.6402880697187442,0.0,0.04991790454403562,0.30979402573722414,0.0,241.13234253361642,PRED,1.000000000000004,181,104.14996539536597,21.420526881619843,241.13234253361642,0.2732298098547534,82.5105095603659
GP-GP-2rd-pred,5,0.0,0.610219200084122,0.0,0.050019276625789845,0.3397615232900878,0.0,253.70134465675866,PRED,0.9999999999999997,182,103.65781234461008,22.06457185044715,253.70134465675866,0.2956677825742891,80.79881511641494
GP-GP-2rd-pred,7,0.0,0.6060517709231227,0.0,0.04048352420304563,0.3534647048738314,0.0,206.70912951167728,PRED,0.9999999999999997,183,101.86472749064998,21.573008019878365,206.70912951167728,0.3081807879164853,78.7509919640514
GP-GP-2rd-pred,10,0.0,0.629477516904649,0.0,0.060727362401018864,0.30979512069433035,0.0,281.6135881104034,PRED,0.9999999999999982,184,120.23354152675631,20.259107955660564,281.6135881104034,0.2718286968331139,99.23083967560147
RFR-GP-3rd-pred,1,0.0,0.6097371466101064,0.0,0.08000005423721657,0.31026279915267724,0.0,229.69568294409058,PRED,1.0000000000000002,185,126.0124324307372,22.03155453872351,229.69568294409058,0.2688439263321132,104.24289810809093
RFR-GP-3rd-pred,2,0.0,0.5697701241069648,0.0,0.10015256785522626,0.330077308037806,0.0,206.65251238499647,PRED,0.9999999999999971,186,131.37078644790873,16.95472604744088,206.65251238499647,0.2841521186177929,111.52733867947657
RFR-GP-3rd-pred,4,0.0,0.539657245652324,0.0,0.06001198946971338,0.25011739945820494,0.15021336541975822,101.3446567586695,PRED,1.0000000000000004,187,111.68300172138338,12.19496132059578,101.3446567586695,0.2542402891676463,95.41590949437963
RFR-GP-3rd-pred,5,0.0,0.4255505410460293,0.0,0.1385728403353752,0.38646157877441417,0.04941503984418106,117.310686482661,PRED,0.9999999999999998,188,125.65992844034767,13.560691923384724,117.310686482661,0.3312899153348964,105.62798586525946
RFR-GP-3rd-pred,6,0.021470921801020653,0.3327401978681413,0.02029533095585027,0.23174235660496248,0.3629444161878205,0.030806776582209573,193.5739561217268,PRED,1.0000000000000049,189,98.20434091082848,16.882848143399382,193.5739561217268,0.25746985368607295,79.46412269168587
RFR-GP-3rd-pred,7,0.0,0.29695967595683287,0.0,0.20782084610479792,0.2973125132243898,0.1979069647139796,155.07430997876858,PRED,1.0000000000000002,190,86.03615949902051,17.413234879842733,155.07430997876858,0.32398931378880746,64.36996950754684
RFR-GP-3rd-pred,8,0.009970656910408639,0.4098140035643566,0.020126289805429083,0.0,0.39997783426823935,0.16011121545156465,62.22222222222222,PRED,0.9999999999999984,191,69.71046411548998,14.848621193124195,62.22222222222222,0.35100958252001413,48.245770218127326
RFR-GP-3rd-pred,9,0.14839909282488428,0.3662071735437376,0.009875221837254046,0.07925387369964097,0.38582840431218046,0.010436233782305002,147.99716914366596,PRED,1.0000000000000024,192,111.9185713308838,15.082032395395203,147.99716914366596,0.18519713657299647,96.96966967026633
RFR-GP-3rd-pred,10,0.0,0.3026869124989193,0.0,0.1618195430236925,0.2628894011568846,0.27260414332050337,160.2830856334041,PRED,0.9999999999999998,193,80.29607916298423,13.616047323019274,160.2830856334041,0.35518375047816914,59.28070548234783
GP-GP-3rd-pred,1,0.0,0.6097371466101064,0.0,0.08000005423721657,0.31026279915267724,0.0,229.69568294409058,PRED,1.0000000000000002,194,126.0124324307372,22.03155453872351,229.69568294409058,0.2688439263321132,104.24289810809093
GP-GP-3rd-pred,2,0.0,0.59987425392149,0.0,0.07018454874162641,0.3299411973368838,0.0,225.3927813163482,PRED,1.0000000000000002,195,119.5920611322606,21.392816840232943,225.3927813163482,0.28468946303483356,97.50807419075079
GP-GP-3rd-pred,3,0.0,0.6063188913985983,0.0,0.08081296353314583,0.31286814506825583,0.0,229.7523000707714,PRED,1.0,196,124.4106510622956,22.476732958390723,229.7523000707714,0.27064104164094804,102.34664291746232
GP-GP-3rd-pred,4,0.0,0.59987425392149,0.0,0.07018454874162641,0.3299411973368838,0.0,225.3927813163482,PRED,1.0000000000000002,197,119.5920611322606,21.392816840232943,225.3927813163482,0.28468946303483356,97.50807419075079
GP-GP-3rd-pred,5,0.0,0.6398925234534203,0.0,0.07014122615059554,0.28996625039598395,0.0,235.47062986553433,PRED,0.9999999999999998,198,115.96532901147074,17.440154890530184,235.47062986553433,0.2560446866162214,97.0034641015568
GP-GP-3rd-pred,6,0.0,0.6502067967256617,0.0,0.08003454420927895,0.2697586590650559,0.0,245.0955414012739,PRED,0.9999999999999966,199,115.65092474149796,17.281041067939388,245.0955414012739,0.24138484197668023,97.35501052846107
GP-GP-3rd-pred,7,0.0,0.6664812891286024,0.0,0.08069229982169294,0.25282641104970216,0.0,232.07360226468506,PRED,0.9999999999999974,200,115.08803783354767,17.110652202064546,232.07360226468506,0.23155538490517508,97.2704963363084
GP-GP-3rd-pred,8,0.0,0.6299155888485775,0.0,0.05005227827225272,0.32003213287917,0.0,200.08492569002124,PRED,1.0,201,104.1245605593065,21.39235451579535,200.08492569002124,0.28107188852042897,82.18550776059166
GP-GP-3rd-pred,9,0.0,0.6800268403861934,0.0,0.07016794018291524,0.24980521943088732,0.0,250.98372257607926,PRED,0.999999999999996,202,110.27896343228949,16.535389848486876,250.98372257607926,0.2325406388305798,92.70964295482285
GP-GP-3rd-pred,10,0.0,0.48440376314619743,0.0,0.06082922074785176,0.4547670161059549,0.0,199.1224345364473,PRED,1.000000000000004,203,123.34225023597666,15.633410847662551,199.1224345364473,0.3558062128225166,101.29329629924472
